{"cameraMode":{"drawMode":0,"name":"Shaded","section":"Shading Mode"},"sceneLighting":false,"audioPlay":false,"sceneViewState":{"m_AlwaysRefresh":false,"showFog":true,"showSkybox":false,"showFlares":true,"showImageEffects":true,"showParticleSystems":true,"showVisualEffectGraphs":true,"m_FxEnabled":true},"in2DMode":false,"pivot":{"x":1.4030730724334717,"y":0.9495037198066711,"z":1.9764811992645264},"rotation":{"x":-0.03199831396341324,"y":0.9311303496360779,"z":-0.08432034403085709,"w":-0.3533533215522766},"size":1.2247449159622193,"orthographic":false}