{"cameraMode":{"drawMode":0,"name":"Shaded","section":"Shading Mode"},"sceneLighting":false,"audioPlay":false,"sceneViewState":{"m_AlwaysRefresh":false,"showFog":true,"showSkybox":true,"showFlares":true,"showImageEffects":true,"showParticleSystems":true,"showVisualEffectGraphs":true,"m_FxEnabled":true},"in2DMode":false,"pivot":{"x":-139.43081665039063,"y":-154.53155517578126,"z":141.6374053955078},"rotation":{"x":0.38481661677360537,"y":-0.22617986798286439,"z":0.0978524461388588,"w":0.8894942402839661},"size":122.03898620605469,"orthographic":false}